insert into colors (id, code) values (1000, 'Black');
insert into colors (id, code) values (1001, 'White');
insert into colors (id, code) values (1002, 'Yellow');
insert into colors (id, code) values (1003, 'Blue');
insert into colors (id, code) values (1004, 'Red');
insert into colors (id, code) values (1005, 'Purple');
insert into colors (id, code) values (1006, 'Gray');
insert into colors (id, code) values (1007, 'Green');
insert into colors (id, code) values (1008, 'Pink');
insert into colors (id, code) values (1009, 'Gold');
insert into colors (id, code) values (1010, 'Silver');
insert into colors (id, code) values (1011, 'Orange');
insert into colors (id, code) values (1012, 'Brown');
insert into colors (id, code) values (1013, '256');

insert into phones (id, brand, model, price, displaySizeInches, weightGr, lengthMm, widthMm, heightMm, announced, deviceType, os, displayResolution, pixelDensity, displayTechnology, backCameraMegapixels, frontCameraMegapixels, ramGb, internalStorageGb, batteryCapacityMah, talkTimeHours, standByTimeHours, bluetooth, positioning, imageUrl, description) values ('1001', 'Alcatel', 'Alcatel OT-802A', null, 2.4, 156, null, null, null, null, 'Feature phone', null, '320 x  240', 167, 'TFT', 2.0, null, null, 0.07, null, 9.0, 506.0, '2.0', null, 'manufacturer/Alcatel/Alcatel OT-802A.jpg', 'Alcatel OT-802A is a candybar phone with QWERTY keyboard dedicated to messaging. It has a 2.4" TFT display, 2MP camera, FM radio, Bluetooth and supports up to 8GB microSD memory cards.');
insert into phones (id, brand, model, price, displaySizeInches, weightGr, lengthMm, widthMm, heightMm, announced, deviceType, os, displayResolution, pixelDensity, displayTechnology, backCameraMegapixels, frontCameraMegapixels, ramGb, internalStorageGb, batteryCapacityMah, talkTimeHours, standByTimeHours, bluetooth, positioning, imageUrl, description) values ('1002', 'Huawei', 'Huawei MediaPad 7 Youth', null, 7.0, 482, 193.4, 120.6, 9.9, null, 'Tablet', 'Android (4.1)', '600 x  1024', 170, null, 3.0, 0.3, 1.0, 4.0, 4100, null, null, null, 'GPS, A-GPS', 'manufacturer/Huawei/Huawei MediaPad 7 Youth.jpg', 'The Huawei MediaPad 7 Youth is a 7-inch Android tablet with a 1.6-GHz dual-core processor, 1GB of RAM and 4GB of storage, expandable through microSD card of up to 32GB. Its other features include a 3-megapixel main shooter and a VGA unit on the front.');
insert into phones (id, brand, model, price, displaySizeInches, weightGr, lengthMm, widthMm, heightMm, announced, deviceType, os, displayResolution, pixelDensity, displayTechnology, backCameraMegapixels, frontCameraMegapixels, ramGb, internalStorageGb, batteryCapacityMah, talkTimeHours, standByTimeHours, bluetooth, positioning, imageUrl, description) values ('1003', 'ICEMOBILE', 'ICEMOBILE Charm', null, 0.0, null, null, null, null, null, 'Basic phone', null, null, null, null, null, null, null, null, null, null, null, 'Yes', null, 'manufacturer/ICEMOBILE/ICEMOBILE Charm.jpg', 'The ICEMOBILE Charm is a basic clamshell phone with dual-SIM functionality, Bluetooth, microSD card slot and FM radio.');
insert into phones (id, brand, model, price, displaySizeInches, weightGr, lengthMm, widthMm, heightMm, announced, deviceType, os, displayResolution, pixelDensity, displayTechnology, backCameraMegapixels, frontCameraMegapixels, ramGb, internalStorageGb, batteryCapacityMah, talkTimeHours, standByTimeHours, bluetooth, positioning, imageUrl, description) values ('1004', 'Nokia', 'Nokia N90', null, 0.0, 156, 112.0, 52.0, 24.0, '2005-04-27 00:00:00', 'Smart phone', 'Symbian (8.1)', '352 x  416', null, 'TFT', 2.0, null, null, 0.035, 760, 3.0, 288.0, '1.2', null, 'manufacturer/Nokia/Nokia N90.jpg', 'Nokia N90 is 3G GSM/UMTS smartphone running Series 60 interface over Symbian 8.1 operating system. It features imaging and visual sharing functionalities plus smartphone functionality like Bluetooth, WAP 2.0, Java and 2.0 megapixel camera with video-calling functionality and Carl Zeiss lens and auto-focus');
insert into phones (id, brand, model, price, displaySizeInches, weightGr, lengthMm, widthMm, heightMm, announced, deviceType, os, displayResolution, pixelDensity, displayTechnology, backCameraMegapixels, frontCameraMegapixels, ramGb, internalStorageGb, batteryCapacityMah, talkTimeHours, standByTimeHours, bluetooth, positioning, imageUrl, description) values ('1005', 'Nokia', 'Nokia N91', null, 0.0, 156, 113.0, 55.0, 22.0, '2005-04-27 00:00:00', 'Smart phone', 'Symbian (9.1), S60 3rd Edition', '176 x  208', null, 'TFT', 2.0, null, 0.06, 4.0, 900, 4.0, 190.0, '1.2', null, 'manufacturer/Nokia/Nokia N91.jpg', 'Nokia N91 is GSM/UMTS music device that support stereo sound, 4GB HDD drive that provides up to 1200 songs and option to download more. It also runs Series 60 interface over Symbian 9.1 operating system that supports MMS, Bluetooth, e-mail, internet (WAP2.0).');
insert into phones (id, brand, model, price, displaySizeInches, weightGr, lengthMm, widthMm, heightMm, announced, deviceType, os, displayResolution, pixelDensity, displayTechnology, backCameraMegapixels, frontCameraMegapixels, ramGb, internalStorageGb, batteryCapacityMah, talkTimeHours, standByTimeHours, bluetooth, positioning, imageUrl, description) values ('1006', 'Samsung', 'Samsung SPH-A513', null, 2.3, 156, 103.0, 52.0, 11.5, '2007-08-15 00:00:00', null, null, '240 x  320', 174, 'TFT', 3.0, null, null, 0.1, 800, 3.0, 192.0, '2.0, EDR', 'GPS', 'manufacturer/Samsung/Samsung SPH-A513.jpg', 'The Helio Fin is a slim clamshell with 3-megapixel camera, CDMA version of the A717. Typically for Helio phone, it has built-in GPS for localization and for multimedia features microSD memory slot, Stereo Bluetooth and media player');
insert into phones (id, brand, model, price, displaySizeInches, weightGr, lengthMm, widthMm, heightMm, announced, deviceType, os, displayResolution, pixelDensity, displayTechnology, backCameraMegapixels, frontCameraMegapixels, ramGb, internalStorageGb, batteryCapacityMah, talkTimeHours, standByTimeHours, bluetooth, positioning, imageUrl, description) values ('1007', 'Videocon', 'Videocon Infinium Z50Q Star', null, 5.0, null, null, null, null, null, 'Smart phone', 'Android (4.4.2)', '480 x  854', 196, 'IPS LCD', 5.0, 2.0, 1.0, 4.0, 2000, null, null, '4.0', 'GPS, A-GPS', 'manufacturer/Videocon/Videocon Infinium Z50Q Star.jpg', 'The Videocon Infinium Z50Q Star is a smartphone with Android 4.4.2. Its specs include 5" display, 1.2 GHz quad core CPU, 1 GB RAM, 4 GB ROM, microSD slot, 5 MP rear camera and a 2 MP front one for video calls.');
insert into phones (id, brand, model, price, displaySizeInches, weightGr, lengthMm, widthMm, heightMm, announced, deviceType, os, displayResolution, pixelDensity, displayTechnology, backCameraMegapixels, frontCameraMegapixels, ramGb, internalStorageGb, batteryCapacityMah, talkTimeHours, standByTimeHours, bluetooth, positioning, imageUrl, description) values ('1008', 'nubia', 'nubia N1 Lite', null, 5.5, null, null, null, null, '2017-02-27 00:00:00', 'Smart phone', 'Android (6.0)', '720 x  1280', 267, 'IPS LCD', 8.0, 5.0, 2.0, 16.0, 3000, 24.0, 500.0, '4.1', 'GPS, A-GPS', 'manufacturer/nubia/nubia N1 Lite.jpg', 'The nubia N1 Lite features a 5.5-inch 720p display, quad-core processor, 2 GB of RAM and 16 GB of storage (expandable via microSD card). There is an 8-megapixels camera on the back and a 5-megapixels shooter at the front. Both cameras are accompanied with LED flash. The phone is powered by 3000mAh battery and sadly comes with Android Marsmallow.');
insert into phones (id, brand, model, price, displaySizeInches, weightGr, lengthMm, widthMm, heightMm, announced, deviceType, os, displayResolution, pixelDensity, displayTechnology, backCameraMegapixels, frontCameraMegapixels, ramGb, internalStorageGb, batteryCapacityMah, talkTimeHours, standByTimeHours, bluetooth, positioning, imageUrl, description) values ('1009', 'nubia', 'nubia Z7', null, 5.5, null, 153.2, 75.7, 8.9, '2014-07-08 00:00:00', 'Smart phone', 'Android (4.4.2), ZTE Nubia 2.5 UI', '1440 x  2560', 534, 'IPS LCD', 13.0, 5.0, 3.0, 32.0, 3000, null, null, '4.0', 'GPS, A-GPS, Glonass', 'manufacturer/nubia/nubia Z7.jpg', 'The ZTE nubia Z7 has 5.5" Quad HD screen with the splendid 1440x2560 pixels of resolution, quad-core Snapdragon 801 processor, 3 GB of RAM, 32 GB of storage, 13 MP camera with optical image stabilization on the back, 3000 mAh battery, and 4G LTE connectivity. As you can expect, it is also a dual SIM LTE device.');
insert into phones (id, brand, model, price, displaySizeInches, weightGr, lengthMm, widthMm, heightMm, announced, deviceType, os, displayResolution, pixelDensity, displayTechnology, backCameraMegapixels, frontCameraMegapixels, ramGb, internalStorageGb, batteryCapacityMah, talkTimeHours, standByTimeHours, bluetooth, positioning, imageUrl, description) values ('1010', 'nubia', 'nubia Z9', null, 5.2, 156, 147.4, 68.3, 8.9, null, 'Smart phone', 'Android (5.0), nubia 3.0 UI', '1080 x  1920', 424, 'IPS LCD', 16.0, 8.0, 3.0, 32.0, 2900, null, 72.0, '4.1', 'GPS, A-GPS', 'manufacturer/nubia/nubia Z9.jpg', 'The Nubia Z9 offers features like a 5.2-inch 1080p display, an octa-core Snapdragon 810 processor, 16 MP rear camera, 8 MP front-facing camera, and a 2900 mAh battery. The handset runs Android Lollipop customized with ZTE''s Nubia 3.0 UI.');

insert into phone2color (phoneId, colorId) values (1001, 1006);
insert into phone2color (phoneId, colorId) values (1001, 1001);
insert into phone2color (phoneId, colorId) values (1002, 1000);
insert into phone2color (phoneId, colorId) values (1006, 1001);
insert into phone2color (phoneId, colorId) values (1008, 1003);
insert into phone2color (phoneId, colorId) values (1008, 1000);
insert into phone2color (phoneId, colorId) values (1008, 1003);
insert into phone2color (phoneId, colorId) values (1009, 1002);
insert into phone2color (phoneId, colorId) values (1010, 1003);
insert into phone2color (phoneId, colorId) values (1010, 1013);

insert into stocks (phoneId, stock, reserved) values (1001, 11, 0);
insert into stocks (phoneId, stock, reserved) values (1002, 12, 1);
insert into stocks (phoneId, stock, reserved) values (1003, 13, 2);
insert into stocks (phoneId, stock, reserved) values (1004, 14, 3);
insert into stocks (phoneId, stock, reserved) values (1005, 15, 4);
insert into stocks (phoneId, stock, reserved) values (1006, 16, 5);
insert into stocks (phoneId, stock, reserved) values (1007, 17, 6);
insert into stocks (phoneId, stock, reserved) values (1008, 18, 7);
insert into stocks (phoneId, stock, reserved) values (1009, 19, 8);
insert into stocks (phoneId, stock, reserved) values (1010, 20, 9);